State,year,crop,value
Andhra Pradesh,2010,Cereals Rice,10538
Arunachal Pradesh,2010,Cereals Rice,215.8
Assam,2010,Cereals Rice,4335.8
Bihar,2010,Cereals Rice,3599.3
Chhattisgarh,2010,Cereals Rice,4110.4
Goa,2010,Cereals Rice,100.6
Gujarat,2010,Cereals Rice,1292
Haryana,2010,Cereals Rice,3625
Himachal Pradesh,2010,Cereals Rice,105.9
Jammu and Kashmir,2010,Cereals Rice,497.4
Jharkhand,2010,Cereals Rice,1538.4
Karnataka,2010,Cereals Rice,3691
Kerala,2010,Cereals Rice,598.3
Madhya Pradesh,2010,Cereals Rice,1260.6
Maharashtra,2010,Cereals Rice,2183
Manipur,2010,Cereals Rice,319.9
Meghalaya,2010,Cereals Rice,206.7
Mizoram,2010,Cereals Rice,44.4
Nagaland,2010,Cereals Rice,240.3
Orissa,2010,Cereals Rice,6917.5
Punjab,2010,Cereals Rice,11236
Rajasthan,2010,Cereals Rice,228.3
Sikkim,2010,Cereals Rice,24.3
Tamil Nadu,2010,Cereals Rice,5665.2
Tripura,2010,Cereals Rice,640
Uttar Pradesh,2010,Cereals Rice,10807.1
Uttarakhand,2010,Cereals Rice,608
West Bengal,2010,Cereals Rice,14340.7
A & N Islands,2010,Cereals Rice,24.9
Dadar & N. Haveli,2010,Cereals Rice,13.5
Daman & Diu,2010,Cereals Rice,3.3
Delhi,2010,Cereals Rice,29
Puducherry,2010,Cereals Rice,52.4
Andhra Pradesh,2011,Cereals Rice,14418
Arunachal Pradesh,2011,Cereals Rice,234
Assam,2011,Cereals Rice,4737
Bihar,2011,Cereals Rice,3102
Chhattisgarh,2011,Cereals Rice,6159
Goa,2011,Cereals Rice,115
Gujarat,2011,Cereals Rice,1497
Haryana,2011,Cereals Rice,3472
Himachal Pradesh,2011,Cereals Rice,129
Jammu and Kashmir,2011,Cereals Rice,508
Jharkhand,2011,Cereals Rice,1110
Karnataka,2011,Cereals Rice,4188
Kerala,2011,Cereals Rice,523
Madhya Pradesh,2011,Cereals Rice,1772
Maharashtra,2011,Cereals Rice,2696
Manipur,2011,Cereals Rice,522
Meghalaya,2011,Cereals Rice,206.7
Mizoram,2011,Cereals Rice,47
Nagaland,2011,Cereals Rice,381
Orissa,2011,Cereals Rice,6828
Punjab,2011,Cereals Rice,10837
Rajasthan,2011,Cereals Rice,266
Sikkim,2011,Cereals Rice,21
Tamil Nadu,2011,Cereals Rice,5792
Tripura,2011,Cereals Rice,703
Uttar Pradesh,2011,Cereals Rice,11992
Uttarakhand,2011,Cereals Rice,550
West Bengal,2011,Cereals Rice,13046
A & N Islands,2011,Cereals Rice,24
Dadar & N. Haveli,2011,Cereals Rice,21
Daman & Diu,2011,Cereals Rice,3.3
Delhi,2011,Cereals Rice,29
Puducherry,2011,Cereals Rice,52.4
Andhra Pradesh,2010,Cereals Jowar,437
Bihar,2010,Cereals Jowar,1.8
Chhattisgarh,2010,Cereals Jowar,5.9
Gujarat,2010,Cereals Jowar,171
Haryana,2010,Cereals Jowar,36
Jammu and Kashmir,2010,Cereals Jowar,2.5
Karnataka,2010,Cereals Jowar,1406
Kerala,2010,Cereals Jowar,1.9
Madhya Pradesh,2010,Cereals Jowar,564.9
Maharashtra,2010,Cereals Jowar,3566
Orissa,2010,Cereals Jowar,5.8
Rajasthan,2010,Cereals Jowar,104.2
Tamil Nadu,2010,Cereals Jowar,221.7
Uttar Pradesh,2010,Cereals Jowar,169
West Bengal,2010,Cereals Jowar,0.6
Dadar & N. Haveli,2010,Cereals Jowar,0.6
Delhi,2010,Cereals Jowar,3.2
Andhra Pradesh,2011,Cereals Jowar,308
Bihar,2011,Cereals Jowar,3
Chhattisgarh,2011,Cereals Jowar,9
Gujarat,2011,Cereals Jowar,139
Haryana,2011,Cereals Jowar,36
Karnataka,2011,Cereals Jowar,1467
Kerala,2011,Cereals Jowar,1
Madhya Pradesh,2011,Cereals Jowar,616
Maharashtra,2011,Cereals Jowar,3452
Orissa,2011,Cereals Jowar,5
Rajasthan,2011,Cereals Jowar,509
Tamil Nadu,2011,Cereals Jowar,247
Uttar Pradesh,2011,Cereals Jowar,207
Delhi,2011,Cereals Jowar,3.2
Andhra Pradesh,2010,Cereals Bajra,53
Bihar,2010,Cereals Bajra,3.3
Gujarat,2010,Cereals Bajra,828
Haryana,2010,Cereals Bajra,932
Jammu and Kashmir,2010,Cereals Bajra,10.9
Karnataka,2010,Cereals Bajra,153
Madhya Pradesh,2010,Cereals Bajra,248
Maharashtra,2010,Cereals Bajra,766
Orissa,2010,Cereals Bajra,1.7
Punjab,2010,Cereals Bajra,4
Rajasthan,2010,Cereals Bajra,2034.9
Tamil Nadu,2010,Cereals Bajra,82.3
Uttar Pradesh,2010,Cereals Bajra,1389
Daman & Diu,2010,Cereals Bajra,0.5
Andhra Pradesh,2011,Cereals Bajra,101
Bihar,2011,Cereals Bajra,5
Gujarat,2011,Cereals Bajra,1091
Haryana,2011,Cereals Bajra,1185
Jammu and Kashmir,2011,Cereals Bajra,10
Karnataka,2011,Cereals Bajra,334
Madhya Pradesh,2011,Cereals Bajra,308
Maharashtra,2011,Cereals Bajra,1123
Nagaland,2011,Cereals Bajra,1
Orissa,2011,Cereals Bajra,1.7
Punjab,2011,Cereals Bajra,3
Rajasthan,2011,Cereals Bajra,4567
Tamil Nadu,2011,Cereals Bajra,77
Uttar Pradesh,2011,Cereals Bajra,1557
Delhi,2011,Cereals Bajra,5
Andhra Pradesh,2010,Cereals Maize,2762
Arunachal Pradesh,2010,Cereals Maize,60
Assam,2010,Cereals Maize,14.1
Bihar,2010,Cereals Maize,1478.7
Chhattisgarh,2010,Cereals Maize,143.3
Goa,2010,Cereals Maize,0.6
Gujarat,2010,Cereals Maize,533
Haryana,2010,Cereals Maize,27
Himachal Pradesh,2010,Cereals Maize,543.2
Jammu and Kashmir,2010,Cereals Maize,487
Jharkhand,2010,Cereals Maize,190.7
Karnataka,2010,Cereals Maize,3013
Madhya Pradesh,2010,Cereals Maize,1045.2
Maharashtra,2010,Cereals Maize,1828
Manipur,2010,Cereals Maize,11.7
Meghalaya,2010,Cereals Maize,26.3
Mizoram,2010,Cereals Maize,11.5
Nagaland,2010,Cereals Maize,73.2
Orissa,2010,Cereals Maize,175.1
Punjab,2010,Cereals Maize,475
Rajasthan,2010,Cereals Maize,1145.7
Sikkim,2010,Cereals Maize,66
Tamil Nadu,2010,Cereals Maize,1144.3
Tripura,2010,Cereals Maize,2
Uttar Pradesh,2010,Cereals Maize,1039
Uttarakhand,2010,Cereals Maize,38
West Bengal,2010,Cereals Maize,385.2
Andhra Pradesh,2011,Cereals Maize,3956
Arunachal Pradesh,2011,Cereals Maize,65
Assam,2011,Cereals Maize,14.1
Bihar,2011,Cereals Maize,1440
Chhattisgarh,2011,Cereals Maize,186
Gujarat,2011,Cereals Maize,820
Haryana,2011,Cereals Maize,19
Himachal Pradesh,2011,Cereals Maize,671
Jammu and Kashmir,2011,Cereals Maize,528
Jharkhand,2011,Cereals Maize,262
Karnataka,2011,Cereals Maize,4444
Madhya Pradesh,2011,Cereals Maize,1052
Maharashtra,2011,Cereals Maize,2602
Manipur,2011,Cereals Maize,42
Meghalaya,2011,Cereals Maize,26.3
Mizoram,2011,Cereals Maize,14
Nagaland,2011,Cereals Maize,134
Orissa,2011,Cereals Maize,299
Punjab,2011,Cereals Maize,491
Rajasthan,2011,Cereals Maize,2053
Sikkim,2011,Cereals Maize,66
Tamil Nadu,2011,Cereals Maize,1028
Tripura,2011,Cereals Maize,4
Uttar Pradesh,2011,Cereals Maize,1114
Uttarakhand,2011,Cereals Maize,43
West Bengal,2011,Cereals Maize,352
Delhi,2011,Cereals Maize,4
Andhra Pradesh,2010,Cereals Ragi,53
Bihar,2010,Cereals Ragi,8.4
Chhattisgarh,2010,Cereals Ragi,2.2
Gujarat,2010,Cereals Ragi,11
Himachal Pradesh,2010,Cereals Ragi,2.2
Jharkhand,2010,Cereals Ragi,5.7
Karnataka,2010,Cereals Ragi,1312
Maharashtra,2010,Cereals Ragi,109
Orissa,2010,Cereals Ragi,37.7
Sikkim,2010,Cereals Ragi,5
Tamil Nadu,2010,Cereals Ragi,162.6
Uttar Pradesh,2010,Cereals Ragi,0.8
Uttarakhand,2010,Cereals Ragi,163
West Bengal,2010,Cereals Ragi,13.9
Dadar & N. Haveli,2010,Cereals Ragi,1.4
Andhra Pradesh,2011,Cereals Ragi,50
Bihar,2011,Cereals Ragi,7
Chhattisgarh,2011,Cereals Ragi,2.2
Gujarat,2011,Cereals Ragi,14
Himachal Pradesh,2011,Cereals Ragi,2.2
Jharkhand,2011,Cereals Ragi,5
Karnataka,2011,Cereals Ragi,1588
Maharashtra,2011,Cereals Ragi,117
Orissa,2011,Cereals Ragi,47
Sikkim,2011,Cereals Ragi,3
Tamil Nadu,2011,Cereals Ragi,171
Uttarakhand,2011,Cereals Ragi,171
West Bengal,2011,Cereals Ragi,13.9
Dadar & N. Haveli,2011,Cereals Ragi,2
Andhra Pradesh,2010,Cereals Small millets,13
Arunachal Pradesh,2010,Cereals Small millets,18.4
Assam,2010,Cereals Small millets,3.1
Bihar,2010,Cereals Small millets,3
Chhattisgarh,2010,Cereals Small millets,28
Gujarat,2010,Cereals Small millets,57
Himachal Pradesh,2010,Cereals Small millets,1.8
Jammu and Kashmir,2010,Cereals Small millets,5
Jharkhand,2010,Cereals Small millets,11.9
Karnataka,2010,Cereals Small millets,11
Madhya Pradesh,2010,Cereals Small millets,73.5
Maharashtra,2010,Cereals Small millets,23
Meghalaya,2010,Cereals Small millets,1.9
Nagaland,2010,Cereals Small millets,3.5
Orissa,2010,Cereals Small millets,10.1
Punjab,2010,Cereals Small millets,1
Rajasthan,2010,Cereals Small millets,2.6
Sikkim,2010,Cereals Small millets,2
Tamil Nadu,2010,Cereals Small millets,31.1
Uttar Pradesh,2010,Cereals Small millets,9
Uttarakhand,2010,Cereals Small millets,70
West Bengal,2010,Cereals Small millets,1.8
Andhra Pradesh,2011,Cereals Small millets,29
Arunachal Pradesh,2011,Cereals Small millets,20
Assam,2011,Cereals Small millets,3.1
Bihar,2011,Cereals Small millets,4
Chhattisgarh,2011,Cereals Small millets,34
Goa,2011,Cereals Small millets,288
Gujarat,2011,Cereals Small millets,38
Himachal Pradesh,2011,Cereals Small millets,3
Jammu and Kashmir,2011,Cereals Small millets,5
Jharkhand,2011,Cereals Small millets,11.9
Karnataka,2011,Cereals Small millets,12
Madhya Pradesh,2011,Cereals Small millets,88
Maharashtra,2011,Cereals Small millets,29
Meghalaya,2011,Cereals Small millets,1.9
Nagaland,2011,Cereals Small millets,10
Orissa,2011,Cereals Small millets,7
Rajasthan,2011,Cereals Small millets,9
Sikkim,2011,Cereals Small millets,5
Tamil Nadu,2011,Cereals Small millets,34
Uttar Pradesh,2011,Cereals Small millets,6
Uttarakhand,2011,Cereals Small millets,92
West Bengal,2011,Cereals Small millets,1.8
Andhra Pradesh,2010,Cereals Wheat,10
Arunachal Pradesh,2010,Cereals Wheat,4.8
Assam,2010,Cereals Wheat,63.5
Bihar,2010,Cereals Wheat,4570.8
Chhattisgarh,2010,Cereals Wheat,121.9
Gujarat,2010,Cereals Wheat,2352
Haryana,2010,Cereals Wheat,10500
Himachal Pradesh,2010,Cereals Wheat,327.1
Jammu and Kashmir,2010,Cereals Wheat,289.9
Jharkhand,2010,Cereals Wheat,173.2
Karnataka,2010,Cereals Wheat,251
Madhya Pradesh,2010,Cereals Wheat,8410
Maharashtra,2010,Cereals Wheat,1740
Meghalaya,2010,Cereals Wheat,0.7
Nagaland,2010,Cereals Wheat,2.4
Orissa,2010,Cereals Wheat,5.8
Punjab,2010,Cereals Wheat,15169
Rajasthan,2010,Cereals Wheat,7500.9
Sikkim,2010,Cereals Wheat,5.9
Tripura,2010,Cereals Wheat,1.3
Uttar Pradesh,2010,Cereals Wheat,27518
Uttarakhand,2010,Cereals Wheat,845
West Bengal,2010,Cereals Wheat,846.7
Dadar & N. Haveli,2010,Cereals Wheat,1
Delhi,2010,Cereals Wheat,92.7
Andhra Pradesh,2011,Cereals Wheat,13
Arunachal Pradesh,2011,Cereals Wheat,6
Assam,2011,Cereals Wheat,53
Bihar,2011,Cereals Wheat,4098
Chhattisgarh,2011,Cereals Wheat,127
Gujarat,2011,Cereals Wheat,4020
Haryana,2011,Cereals Wheat,11630
Himachal Pradesh,2011,Cereals Wheat,547
Jammu and Kashmir,2011,Cereals Wheat,446
Jharkhand,2011,Cereals Wheat,158
Karnataka,2011,Cereals Wheat,279
Madhya Pradesh,2011,Cereals Wheat,7627
Maharashtra,2011,Cereals Wheat,2301
Manipur,2011,Cereals Wheat,5
Meghalaya,2011,Cereals Wheat,0.7
Nagaland,2011,Cereals Wheat,5
Orissa,2011,Cereals Wheat,4
Punjab,2011,Cereals Wheat,16472
Rajasthan,2011,Cereals Wheat,7215
Sikkim,2011,Cereals Wheat,3
Tripura,2011,Cereals Wheat,1.3
Uttar Pradesh,2011,Cereals Wheat,30001
Uttarakhand,2011,Cereals Wheat,878
West Bengal,2011,Cereals Wheat,874
Delhi,2011,Cereals Wheat,111
Bihar,2010,Cereals Barley,12.9
Chhattisgarh,2010,Cereals Barley,2.4
Haryana,2010,Cereals Barley,137
Himachal Pradesh,2010,Cereals Barley,16.2
Jammu and Kashmir,2010,Cereals Barley,7.9
Jharkhand,2010,Cereals Barley,8.5
Madhya Pradesh,2010,Cereals Barley,110
Maharashtra,2010,Cereals Barley,1.3
Punjab,2010,Cereals Barley,47
Rajasthan,2010,Cereals Barley,619.8
Sikkim,2010,Cereals Barley,1.2
Uttar Pradesh,2010,Cereals Barley,362
Uttarakhand,2010,Cereals Barley,26
West Bengal,2010,Cereals Barley,2.4
Bihar,2011,Cereals Barley,25
Chhattisgarh,2011,Cereals Barley,2.4
Haryana,2011,Cereals Barley,129
Himachal Pradesh,2011,Cereals Barley,28
Jammu and Kashmir,2011,Cereals Barley,9
Madhya Pradesh,2011,Cereals Barley,103
Maharashtra,2011,Cereals Barley,1.3
Nagaland,2011,Cereals Barley,1
Punjab,2011,Cereals Barley,44
Rajasthan,2011,Cereals Barley,955
Sikkim,2011,Cereals Barley,1
Uttar Pradesh,2011,Cereals Barley,334
Uttarakhand,2011,Cereals Barley,30
West Bengal,2011,Cereals Barley,3
Andhra Pradesh,2010,Total cereals,13866
Arunachal Pradesh,2010,Total cereals,299
Assam,2010,Total cereals,4416.5
Bihar,2010,Total cereals,9678.2
Chhattisgarh,2010,Total cereals,4414.1
Goa,2010,Total cereals,101.2
Gujarat,2010,Total cereals,5244
Haryana,2010,Total cereals,15257
Himachal Pradesh,2010,Total cereals,996.4
Jammu and Kashmir,2010,Total cereals,1300.6
Jharkhand,2010,Total cereals,1928.4
Karnataka,2010,Total cereals,9837
Kerala,2010,Total cereals,600.2
Madhya Pradesh,2010,Total cereals,11713.2
Maharashtra,2010,Total cereals,10216.3
Manipur,2010,Total cereals,331.6
Meghalaya,2010,Total cereals,235.6
Mizoram,2010,Total cereals,55.9
Nagaland,2010,Total cereals,319.4
Orissa,2010,Total cereals,7153.7
Punjab,2010,Total cereals,26932
Rajasthan,2010,Total cereals,11636.4
Sikkim,2010,Total cereals,104.4
Tamil Nadu,2010,Total cereals,7307.2
Tripura,2010,Total cereals,643.3
Uttar Pradesh,2010,Total cereals,41293.9
Uttarakhand,2010,Total cereals,1750
West Bengal,2010,Total cereals,15591.3
A & N Islands,2010,Total cereals,24.9
Dadar & N. Haveli,2010,Total cereals,16.5
Daman & Diu,2010,Total cereals,3.8
Delhi,2010,Total cereals,124.9
Puducherry,2010,Total cereals,52.4
Andhra Pradesh,2011,Total cereals,18875
Arunachal Pradesh,2011,Total cereals,325
Assam,2011,Total cereals,4806.2
Bihar,2011,Total cereals,8684
Chhattisgarh,2011,Total cereals,6517.6
Goa,2011,Total cereals,403
Gujarat,2011,Total cereals,7619
Haryana,2011,Total cereals,16471
Himachal Pradesh,2011,Total cereals,1380.2
Jammu and Kashmir,2011,Total cereals,1505
Jharkhand,2011,Total cereals,1546.9
Karnataka,2011,Total cereals,12312
Kerala,2011,Total cereals,524
Madhya Pradesh,2011,Total cereals,11566
Maharashtra,2011,Total cereals,12321.3
Manipur,2011,Total cereals,569
Meghalaya,2011,Total cereals,234.6
Mizoram,2011,Total cereals,61
Nagaland,2011,Total cereals,532
Orissa,2011,Total cereals,7191.7
Punjab,2011,Total cereals,27847
Rajasthan,2011,Total cereals,15573
Sikkim,2011,Total cereals,99
Tamil Nadu,2011,Total cereals,7349
Tripura,2011,Total cereals,707.3
Uttar Pradesh,2011,Total cereals,45211
Uttarakhand,2011,Total cereals,1764
West Bengal,2011,Total cereals,14290.7
A & N Islands,2011,Total cereals,24
Dadar & N. Haveli,2011,Total cereals,24
Daman & Diu,2011,Total cereals,4.3
Delhi,2011,Total cereals,153.2
Puducherry,2011,Total cereals,52.4
Andhra Pradesh,2010,Pulses Gram,846
Assam,2010,Pulses Gram,0.9
Bihar,2010,Pulses Gram,58.4
Chhattisgarh,2010,Pulses Gram,221.9
Gujarat,2010,Pulses Gram,125
Haryana,2010,Pulses Gram,62
Jharkhand,2010,Pulses Gram,57.6
Karnataka,2010,Pulses Gram,574
Madhya Pradesh,2010,Pulses Gram,3304.1
Maharashtra,2010,Pulses Gram,1114
Orissa,2010,Pulses Gram,33.7
Punjab,2010,Pulses Gram,3.4
Rajasthan,2010,Pulses Gram,534.6
Tamil Nadu,2010,Pulses Gram,4.5
Uttar Pradesh,2010,Pulses Gram,509
Uttarakhand,2010,Pulses Gram,1
West Bengal,2010,Pulses Gram,24.2
Andhra Pradesh,2011,Pulses Gram,720
Assam,2011,Pulses Gram,0.9
Bihar,2011,Pulses Gram,60
Chhattisgarh,2011,Pulses Gram,242
Gujarat,2011,Pulses Gram,200
Haryana,2011,Pulses Gram,110
Himachal Pradesh,2011,Pulses Gram,1
Jharkhand,2011,Pulses Gram,74
Karnataka,2011,Pulses Gram,631
Madhya Pradesh,2011,Pulses Gram,2687
Maharashtra,2011,Pulses Gram,1300
Nagaland,2011,Pulses Gram,1
Orissa,2011,Pulses Gram,33
Punjab,2011,Pulses Gram,3.4
Rajasthan,2011,Pulses Gram,1601
Tamil Nadu,2011,Pulses Gram,4.5
Uttar Pradesh,2011,Pulses Gram,530
West Bengal,2011,Pulses Gram,24.2
Andhra Pradesh,2010,Pulses Tur,203
Arunachal Pradesh,2010,Pulses Tur,0.5
Assam,2010,Pulses Tur,4.4
Bihar,2010,Pulses Tur,42.2
Chhattisgarh,2010,Pulses Tur,30.6
Gujarat,2010,Pulses Tur,241
Haryana,2010,Pulses Tur,23
Jharkhand,2010,Pulses Tur,53.3
Karnataka,2010,Pulses Tur,282
Kerala,2010,Pulses Tur,4
Madhya Pradesh,2010,Pulses Tur,308
Maharashtra,2010,Pulses Tur,919
Meghalaya,2010,Pulses Tur,0.6
Nagaland,2010,Pulses Tur,2.1
Orissa,2010,Pulses Tur,111.8
Punjab,2010,Pulses Tur,4.4
Rajasthan,2010,Pulses Tur,7
Tamil Nadu,2010,Pulses Tur,20.3
Tripura,2010,Pulses Tur,0.7
Uttar Pradesh,2010,Pulses Tur,202
Uttarakhand,2010,Pulses Tur,2
West Bengal,2010,Pulses Tur,0.6
Dadar & N. Haveli,2010,Pulses Tur,1.2
Delhi,2010,Pulses Tur,0.7
Andhra Pradesh,2011,Pulses Tur,265
Arunachal Pradesh,2011,Pulses Tur,0.5
Assam,2011,Pulses Tur,5
Bihar,2011,Pulses Tur,37
Chhattisgarh,2011,Pulses Tur,24
Gujarat,2011,Pulses Tur,273
Haryana,2011,Pulses Tur,27
Jharkhand,2011,Pulses Tur,71
Karnataka,2011,Pulses Tur,529
Kerala,2011,Pulses Tur,3
Madhya Pradesh,2011,Pulses Tur,165
Maharashtra,2011,Pulses Tur,976
Meghalaya,2011,Pulses Tur,0.6
Nagaland,2011,Pulses Tur,2.1
Orissa,2011,Pulses Tur,124
Punjab,2011,Pulses Tur,4.4
Rajasthan,2011,Pulses Tur,16
Tamil Nadu,2011,Pulses Tur,24
Tripura,2011,Pulses Tur,0.7
Uttar Pradesh,2011,Pulses Tur,309
Uttarakhand,2011,Pulses Tur,1
West Bengal,2011,Pulses Tur,2
Dadar & N. Haveli,2011,Pulses Tur,2
Delhi,2011,Pulses Tur,0.7
Andhra Pradesh,2010,Other Pulses,380
Arunachal Pradesh,2010,Other Pulses,9.2
Assam,2010,Other Pulses,59.3
Bihar,2010,Other Pulses,371.8
Chhattisgarh,2010,Other Pulses,236.2
Goa,2010,Other Pulses,8.5
Gujarat,2010,Other Pulses,151
Haryana,2010,Other Pulses,15
Himachal Pradesh,2010,Other Pulses,20.7
Jammu and Kashmir,2010,Other Pulses,13.6
Jharkhand,2010,Other Pulses,112.8
Karnataka,2010,Other Pulses,262
Kerala,2010,Other Pulses,6.3
Madhya Pradesh,2010,Other Pulses,692.5
Maharashtra,2010,Other Pulses,337
Manipur,2010,Other Pulses,7.2
Meghalaya,2010,Other Pulses,2.9
Mizoram,2010,Other Pulses,6.5
Nagaland,2010,Other Pulses,32.6
Orissa,2010,Other Pulses,253.9
Punjab,2010,Other Pulses,10.2
Rajasthan,2010,Other Pulses,172.1
Sikkim,2010,Other Pulses,12.9
Tamil Nadu,2010,Other Pulses,179.4
Tripura,2010,Other Pulses,3.8
Uttar Pradesh,2010,Other Pulses,1190.4
Uttarakhand,2010,Other Pulses,43
West Bengal,2010,Other Pulses,124.5
A & N Islands,2010,Other Pulses,1.8
Dadar & N. Haveli,2010,Other Pulses,3.7
Daman & Diu,2010,Other Pulses,1.1
Andhra Pradesh,2011,Other Pulses,455
Arunachal Pradesh,2011,Other Pulses,8.5
Assam,2011,Other Pulses,64.1
Bihar,2011,Other Pulses,441
Chhattisgarh,2011,Other Pulses,272
Goa,2011,Other Pulses,8
Gujarat,2011,Other Pulses,250
Haryana,2011,Other Pulses,22
Himachal Pradesh,2011,Other Pulses,41
Jammu and Kashmir,2011,Other Pulses,17
Jharkhand,2011,Other Pulses,185
Karnataka,2011,Other Pulses,405
Kerala,2011,Other Pulses,0
Madhya Pradesh,2011,Other Pulses,534
Maharashtra,2011,Other Pulses,824
Manipur,2011,Other Pulses,24
Meghalaya,2011,Other Pulses,2.9
Mizoram,2011,Other Pulses,6
Nagaland,2011,Other Pulses,32.9
Orissa,2011,Other Pulses,270
Punjab,2011,Other Pulses,11.2
Rajasthan,2011,Other Pulses,1643
Sikkim,2011,Other Pulses,12
Tamil Nadu,2011,Other Pulses,217.5
Tripura,2011,Other Pulses,3.8
Uttar Pradesh,2011,Other Pulses,1198
Uttarakhand,2011,Other Pulses,51
West Bengal,2011,Other Pulses,148.8
A & N Islands,2011,Other Pulses,1
Dadar & N. Haveli,2011,Other Pulses,4
Daman & Diu,2011,Other Pulses,1.1
Andhra Pradesh,2010,Total Pulses,1429
Arunachal Pradesh,2010,Total Pulses,9.7
Assam,2010,Total Pulses,64.6
Bihar,2010,Total Pulses,472.4
Chhattisgarh,2010,Total Pulses,488.7
Goa,2010,Total Pulses,8.5
Gujarat,2010,Total Pulses,517
Haryana,2010,Total Pulses,100
Himachal Pradesh,2010,Total Pulses,20.7
Jammu and Kashmir,2010,Total Pulses,13.6
Jharkhand,2010,Total Pulses,223.7
Karnataka,2010,Total Pulses,1118
Kerala,2010,Total Pulses,10.3
Madhya Pradesh,2010,Total Pulses,4304.6
Maharashtra,2010,Total Pulses,2370
Manipur,2010,Total Pulses,7.2
Meghalaya,2010,Total Pulses,3.5
Mizoram,2010,Total Pulses,6.5
Nagaland,2010,Total Pulses,34.7
Orissa,2010,Total Pulses,399.4
Punjab,2010,Total Pulses,18
Rajasthan,2010,Total Pulses,713.7
Sikkim,2010,Total Pulses,12.9
Tamil Nadu,2010,Total Pulses,204.2
Tripura,2010,Total Pulses,4.5
Uttar Pradesh,2010,Total Pulses,1901.4
Uttarakhand,2010,Total Pulses,46
West Bengal,2010,Total Pulses,150.3
A & N Islands,2010,Total Pulses,1.8
Dadar & N. Haveli,2010,Total Pulses,4.9
Daman & Diu,2010,Total Pulses,1.1
Delhi,2010,Total Pulses,0.8
Andhra Pradesh,2011,Total Pulses,1440
Arunachal Pradesh,2011,Total Pulses,9
Assam,2011,Total Pulses,70
Bihar,2011,Total Pulses,538
Chhattisgarh,2011,Total Pulses,538
Goa,2011,Total Pulses,8
Gujarat,2011,Total Pulses,723
Haryana,2011,Total Pulses,159
Himachal Pradesh,2011,Total Pulses,42
Jammu and Kashmir,2011,Total Pulses,17
Jharkhand,2011,Total Pulses,330
Karnataka,2011,Total Pulses,1565
Kerala,2011,Total Pulses,3
Madhya Pradesh,2011,Total Pulses,3386
Maharashtra,2011,Total Pulses,3100
Manipur,2011,Total Pulses,24
Meghalaya,2011,Total Pulses,3.5
Mizoram,2011,Total Pulses,6
Nagaland,2011,Total Pulses,36
Orissa,2011,Total Pulses,427
Punjab,2011,Total Pulses,19
Rajasthan,2011,Total Pulses,3260
Sikkim,2011,Total Pulses,12
Tamil Nadu,2011,Total Pulses,246
Tripura,2011,Total Pulses,4.5
Uttar Pradesh,2011,Total Pulses,2037
Uttarakhand,2011,Total Pulses,52
West Bengal,2011,Total Pulses,176
A & N Islands,2011,Total Pulses,1
Dadar & N. Haveli,2011,Total Pulses,6
Daman & Diu,2011,Total Pulses,1.1
Delhi,2011,Total Pulses,0.8
Puducherry,2011,Total Pulses,1
Andhra Pradesh,2010,Total food grains,15295
Arunachal Pradesh,2010,Total food grains,308.9
Assam,2010,Total food grains,4481.1
Bihar,2010,Total food grains,10150.6
Chhattisgarh,2010,Total food grains,4902.8
Goa,2010,Total food grains,109.7
Gujarat,2010,Total food grains,5761
Haryana,2010,Total food grains,15357
Himachal Pradesh,2010,Total food grains,1017.1
Jammu and Kashmir,2010,Total food grains,1314.2
Jharkhand,2010,Total food grains,2152.1
Karnataka,2010,Total food grains,10955
Kerala,2010,Total food grains,610.5
Madhya Pradesh,2010,Total food grains,16017.8
Maharashtra,2010,Total food grains,12586.3
Manipur,2010,Total food grains,338.8
Meghalaya,2010,Total food grains,239.1
Mizoram,2010,Total food grains,62.4
Nagaland,2010,Total food grains,354.1
Orissa,2010,Total food grains,7553.1
Punjab,2010,Total food grains,26950
Rajasthan,2010,Total food grains,12350.1
Sikkim,2010,Total food grains,117.3
Tamil Nadu,2010,Total food grains,7511.4
Tripura,2010,Total food grains,647.8
Uttar Pradesh,2010,Total food grains,43195.3
Uttarakhand,2010,Total food grains,1796
West Bengal,2010,Total food grains,15741.6
A & N Islands,2010,Total food grains,26.7
Dadar & N. Haveli,2010,Total food grains,20.4
Daman & Diu,2010,Total food grains,4.9
Delhi,2010,Total food grains,125.7
Puducherry,2010,Total food grains,52.4
Andhra Pradesh,2011,Total food grains,20315
Arunachal Pradesh,2011,Total food grains,334
Assam,2011,Total food grains,4877.2
Bihar,2011,Total food grains,9222
Chhattisgarh,2011,Total food grains,7054.6
Goa,2011,Total food grains,411
Gujarat,2011,Total food grains,8342
Haryana,2011,Total food grains,16630
Himachal Pradesh,2011,Total food grains,1421.2
Jammu and Kashmir,2011,Total food grains,1522
Jharkhand,2011,Total food grains,1876.9
Karnataka,2011,Total food grains,13877
Kerala,2011,Total food grains,527
Madhya Pradesh,2011,Total food grains,14952
Maharashtra,2011,Total food grains,15420.3
Manipur,2011,Total food grains,593
Meghalaya,2011,Total food grains,239.1
Mizoram,2011,Total food grains,67
Nagaland,2011,Total food grains,568
Orissa,2011,Total food grains,7618.7
Punjab,2011,Total food grains,27866
Rajasthan,2011,Total food grains,18832
Sikkim,2011,Total food grains,110
Tamil Nadu,2011,Total food grains,7595
Tripura,2011,Total food grains,711.8
Uttar Pradesh,2011,Total food grains,47248
Uttarakhand,2011,Total food grains,1816
West Bengal,2011,Total food grains,14466.7
A & N Islands,2011,Total food grains,25
Dadar & N. Haveli,2011,Total food grains,30
Daman & Diu,2011,Total food grains,5.4
Delhi,2011,Total food grains,153
Puducherry,2011,Total food grains,54.4
Andhra Pradesh,2010,Oilseeds Ground nut,1006
Bihar,2010,Oilseeds Ground nut,0.7
Chhattisgarh,2010,Oilseeds Ground nut,39.1
Goa,2010,Oilseeds Ground nut,8.1
Gujarat,2010,Oilseeds Ground nut,1757
Haryana,2010,Oilseeds Ground nut,2
Jharkhand,2010,Oilseeds Ground nut,10.7
Karnataka,2010,Oilseeds Ground nut,512
Kerala,2010,Oilseeds Ground nut,1
Madhya Pradesh,2010,Oilseeds Ground nut,217.9
Maharashtra,2010,Oilseeds Ground nut,359
Nagaland,2010,Oilseeds Ground nut,0.6
Orissa,2010,Oilseeds Ground nut,89.2
Punjab,2010,Oilseeds Ground nut,3.1
Rajasthan,2010,Oilseeds Ground nut,354.5
Tamil Nadu,2010,Oilseeds Ground nut,889.8
Tripura,2010,Oilseeds Ground nut,0.5
Uttar Pradesh,2010,Oilseeds Ground nut,61
Uttarakhand,2010,Oilseeds Ground nut,2
West Bengal,2010,Oilseeds Ground nut,113
Puducherry,2010,Oilseeds Ground nut,0.9
Andhra Pradesh,2011,Oilseeds Ground nut,1458
Chhattisgarh,2011,Oilseeds Ground nut,42
Goa,2011,Oilseeds Ground nut,8.1
Gujarat,2011,Oilseeds Ground nut,3366
Haryana,2011,Oilseeds Ground nut,2
Himachal Pradesh,2011,Oilseeds Ground nut,1
Jharkhand,2011,Oilseeds Ground nut,23
Karnataka,2011,Oilseeds Ground nut,742
Kerala,2011,Oilseeds Ground nut,2
Madhya Pradesh,2011,Oilseeds Ground nut,302
Maharashtra,2011,Oilseeds Ground nut,460
Manipur,2011,Oilseeds Ground nut,1
Nagaland,2011,Oilseeds Ground nut,0.6
Orissa,2011,Oilseeds Ground nut,86
Punjab,2011,Oilseeds Ground nut,4
Rajasthan,2011,Oilseeds Ground nut,681
Tamil Nadu,2011,Oilseeds Ground nut,896
Tripura,2011,Oilseeds Ground nut,0.5
Uttar Pradesh,2011,Oilseeds Ground nut,84
Uttarakhand,2011,Oilseeds Ground nut,1
West Bengal,2011,Oilseeds Ground nut,103
Puducherry,2011,Oilseeds Ground nut,0.9
Andhra Pradesh,2010,Oilseeds Sesamum,20
Arunachal Pradesh,2010,Oilseeds Sesamum,0.7
Assam,2010,Oilseeds Sesamum,7.2
Bihar,2010,Oilseeds Sesamum,1.8
Chhattisgarh,2010,Oilseeds Sesamum,9
Gujarat,2010,Oilseeds Sesamum,80
Haryana,2010,Oilseeds Sesamum,1
Himachal Pradesh,2010,Oilseeds Sesamum,0.3
Jammu and Kashmir,2010,Oilseeds Sesamum,2
Jharkhand,2010,Oilseeds Sesamum,1.3
Karnataka,2010,Oilseeds Sesamum,31
Madhya Pradesh,2010,Oilseeds Sesamum,86.6
Maharashtra,2010,Oilseeds Sesamum,15
Manipur,2010,Oilseeds Sesamum,0.5
Meghalaya,2010,Oilseeds Sesamum,0.9
Mizoram,2010,Oilseeds Sesamum,0.7
Nagaland,2010,Oilseeds Sesamum,1.5
Orissa,2010,Oilseeds Sesamum,10.5
Punjab,2010,Oilseeds Sesamum,2.6
Rajasthan,2010,Oilseeds Sesamum,97.2
Tamil Nadu,2010,Oilseeds Sesamum,29.2
Tripura,2010,Oilseeds Sesamum,0.9
Uttar Pradesh,2010,Oilseeds Sesamum,34
Uttarakhand,2010,Oilseeds Sesamum,1
West Bengal,2010,Oilseeds Sesamum,153.2
Andhra Pradesh,2011,Oilseeds Sesamum,26
Arunachal Pradesh,2011,Oilseeds Sesamum,0.7
Assam,2011,Oilseeds Sesamum,7.2
Bihar,2011,Oilseeds Sesamum,1.8
Chhattisgarh,2011,Oilseeds Sesamum,7
Gujarat,2011,Oilseeds Sesamum,127
Haryana,2011,Oilseeds Sesamum,1
Himachal Pradesh,2011,Oilseeds Sesamum,1
Jammu and Kashmir,2011,Oilseeds Sesamum,2
Jharkhand,2011,Oilseeds Sesamum,2
Karnataka,2011,Oilseeds Sesamum,51
Madhya Pradesh,2011,Oilseeds Sesamum,143
Maharashtra,2011,Oilseeds Sesamum,20
Manipur,2011,Oilseeds Sesamum,0.5
Meghalaya,2011,Oilseeds Sesamum,0.9
Mizoram,2011,Oilseeds Sesamum,0.7
Nagaland,2011,Oilseeds Sesamum,1.5
Orissa,2011,Oilseeds Sesamum,12
Punjab,2011,Oilseeds Sesamum,2
Rajasthan,2011,Oilseeds Sesamum,223
Tamil Nadu,2011,Oilseeds Sesamum,25
Tripura,2011,Oilseeds Sesamum,0.9
Uttar Pradesh,2011,Oilseeds Sesamum,66
Uttarakhand,2011,Oilseeds Sesamum,1
West Bengal,2011,Oilseeds Sesamum,169
Andhra Pradesh,2010,Oilseeds Rapeseed and mustard,2
Arunachal Pradesh,2010,Oilseeds Rapeseed and mustard,23.8
Assam,2010,Oilseeds Rapeseed and mustard,128.6
Bihar,2010,Oilseeds Rapeseed and mustard,89.4
Chhattisgarh,2010,Oilseeds Rapeseed and mustard,25
Gujarat,2010,Oilseeds Rapeseed and mustard,341
Haryana,2010,Oilseeds Rapeseed and mustard,849
Himachal Pradesh,2010,Oilseeds Rapeseed and mustard,2.5
Jammu and Kashmir,2010,Oilseeds Rapeseed and mustard,47.6
Jharkhand,2010,Oilseeds Rapeseed and mustard,55.7
Karnataka,2010,Oilseeds Rapeseed and mustard,2
Madhya Pradesh,2010,Oilseeds Rapeseed and mustard,848.9
Maharashtra,2010,Oilseeds Rapeseed and mustard,2
Meghalaya,2010,Oilseeds Rapeseed and mustard,4.9
Nagaland,2010,Oilseeds Rapeseed and mustard,46.9
Orissa,2010,Oilseeds Rapeseed and mustard,2.7
Punjab,2010,Oilseeds Rapeseed and mustard,39
Rajasthan,2010,Oilseeds Rapeseed and mustard,2948.2
Sikkim,2010,Oilseeds Rapeseed and mustard,5.3
Tripura,2010,Oilseeds Rapeseed and mustard,1.1
Uttar Pradesh,2010,Oilseeds Rapeseed and mustard,682
Uttarakhand,2010,Oilseeds Rapeseed and mustard,12
West Bengal,2010,Oilseeds Rapeseed and mustard,443
Delhi,2010,Oilseeds Rapeseed and mustard,4.9
Arunachal Pradesh,2011,Oilseeds Rapeseed and mustard,23.8
Assam,2011,Oilseeds Rapeseed and mustard,139
Bihar,2011,Oilseeds Rapeseed and mustard,90
Chhattisgarh,2011,Oilseeds Rapeseed and mustard,21
Gujarat,2011,Oilseeds Rapeseed and mustard,349
Haryana,2011,Oilseeds Rapeseed and mustard,942
Himachal Pradesh,2011,Oilseeds Rapeseed and mustard,5
Jammu and Kashmir,2011,Oilseeds Rapeseed and mustard,51
Jharkhand,2011,Oilseeds Rapeseed and mustard,72
Karnataka,2011,Oilseeds Rapeseed and mustard,2
Madhya Pradesh,2011,Oilseeds Rapeseed and mustard,855
Maharashtra,2011,Oilseeds Rapeseed and mustard,3
Manipur,2011,Oilseeds Rapeseed and mustard,21
Meghalaya,2011,Oilseeds Rapeseed and mustard,4.9
Nagaland,2011,Oilseeds Rapeseed and mustard,27
Orissa,2011,Oilseeds Rapeseed and mustard,2.7
Punjab,2011,Oilseeds Rapeseed and mustard,41
Rajasthan,2011,Oilseeds Rapeseed and mustard,4370
Sikkim,2011,Oilseeds Rapeseed and mustard,4
Tripura,2011,Oilseeds Rapeseed and mustard,2
Uttar Pradesh,2011,Oilseeds Rapeseed and mustard,717
Uttarakhand,2011,Oilseeds Rapeseed and mustard,11
West Bengal,2011,Oilseeds Rapeseed and mustard,420
Delhi,2011,Oilseeds Rapeseed and mustard,1
Assam,2010,Oilseeds Linseed,3.8
Bihar,2010,Oilseeds Linseed,20.6
Chhattisgarh,2010,Oilseeds Linseed,12
Jharkhand,2010,Oilseeds Linseed,8.5
Karnataka,2010,Oilseeds Linseed,4
Madhya Pradesh,2010,Oilseeds Linseed,51.4
Maharashtra,2010,Oilseeds Linseed,9
Nagaland,2010,Oilseeds Linseed,8.8
Orissa,2010,Oilseeds Linseed,11.9
Rajasthan,2010,Oilseeds Linseed,6.5
Uttar Pradesh,2010,Oilseeds Linseed,15
West Bengal,2010,Oilseeds Linseed,1.4
Assam,2011,Oilseeds Linseed,3.8
Bihar,2011,Oilseeds Linseed,20.6
Chhattisgarh,2011,Oilseeds Linseed,10
Jharkhand,2011,Oilseeds Linseed,8
Karnataka,2011,Oilseeds Linseed,4
Madhya Pradesh,2011,Oilseeds Linseed,42
Maharashtra,2011,Oilseeds Linseed,10
Nagaland,2011,Oilseeds Linseed,5
Orissa,2011,Oilseeds Linseed,10
Rajasthan,2011,Oilseeds Linseed,2
Uttar Pradesh,2011,Oilseeds Linseed,29
Uttarakhand,2011,Oilseeds Linseed,1
West Bengal,2011,Oilseeds Linseed,1.4
Andhra Pradesh,2010,Oilseeds Castor seed,64
Assam,2010,Oilseeds Castor seed,0.5
Gujarat,2010,Oilseeds Castor seed,831
Haryana,2010,Oilseeds Castor seed,0.5
Jharkhand,2010,Oilseeds Castor seed,0.7
Karnataka,2010,Oilseeds Castor seed,12
Maharashtra,2010,Oilseeds Castor seed,2
Orissa,2010,Oilseeds Castor seed,10
Rajasthan,2010,Oilseeds Castor seed,86.2
Tamil Nadu,2010,Oilseeds Castor seed,1.5
Andhra Pradesh,2011,Oilseeds Castor seed,121
Assam,2011,Oilseeds Castor seed,0.5
Gujarat,2011,Oilseeds Castor seed,986
Haryana,2011,Oilseeds Castor seed,0.5
Karnataka,2011,Oilseeds Castor seed,16
Maharashtra,2011,Oilseeds Castor seed,4
Orissa,2011,Oilseeds Castor seed,9
Rajasthan,2011,Oilseeds Castor seed,211
Tamil Nadu,2011,Oilseeds Castor seed,1.5
Andhra Pradesh,2010,Total oilseeds,1500
Arunachal Pradesh,2010,Total oilseeds,28.3
Assam,2010,Total oilseeds,144.7
Bihar,2010,Total oilseeds,144.6
Chhattisgarh,2010,Total oilseeds,200.4
Goa,2010,Total oilseeds,8.1
Gujarat,2010,Total oilseeds,3097
Haryana,2010,Total oilseeds,877.5
Himachal Pradesh,2010,Total oilseeds,3.8
Jammu and Kashmir,2010,Total oilseeds,49.7
Jharkhand,2010,Total oilseeds,79.6
Karnataka,2010,Total oilseeds,1005
Kerala,2010,Total oilseeds,1.2
Madhya Pradesh,2010,Total oilseeds,7636.2
Maharashtra,2010,Total oilseeds,2814
Manipur,2010,Total oilseeds,0.7
Meghalaya,2010,Total oilseeds,7
Mizoram,2010,Total oilseeds,3
Nagaland,2010,Total oilseeds,84.6
Orissa,2010,Total oilseeds,172.1
Punjab,2010,Total oilseeds,83.4
Rajasthan,2010,Total oilseeds,4407.2
Sikkim,2010,Total oilseeds,9.4
Tamil Nadu,2010,Total oilseeds,939.6
Tripura,2010,Total oilseeds,2.5
Uttar Pradesh,2010,Total oilseeds,816
Uttarakhand,2010,Total oilseeds,33
West Bengal,2010,Total oilseeds,727.1
Delhi,2010,Total oilseeds,4.9
Puducherry,2010,Total oilseeds,1.1
Andhra Pradesh,2011,Total oilseeds,1996
Arunachal Pradesh,2011,Total oilseeds,29
Assam,2011,Total oilseeds,154
Bihar,2011,Total oilseeds,136
Chhattisgarh,2011,Total oilseeds,217
Goa,2011,Total oilseeds,8.1
Gujarat,2011,Total oilseeds,4896
Haryana,2011,Total oilseeds,964
Himachal Pradesh,2011,Total oilseeds,8
Jammu and Kashmir,2011,Total oilseeds,53
Jharkhand,2011,Total oilseeds,114
Karnataka,2011,Total oilseeds,1270
Kerala,2011,Total oilseeds,2
Madhya Pradesh,2011,Total oilseeds,8035
Maharashtra,2011,Total oilseeds,5040
Manipur,2011,Total oilseeds,27
Meghalaya,2011,Total oilseeds,7
Mizoram,2011,Total oilseeds,4
Nagaland,2011,Total oilseeds,66
Orissa,2011,Total oilseeds,180
Punjab,2011,Total oilseeds,72
Rajasthan,2011,Total oilseeds,6605
Sikkim,2011,Total oilseeds,8
Tamil Nadu,2011,Total oilseeds,933
Tripura,2011,Total oilseeds,2.5
Uttar Pradesh,2011,Total oilseeds,919
Uttarakhand,2011,Total oilseeds,28
West Bengal,2011,Total oilseeds,704
Delhi,2011,Total oilseeds,1
Puducherry,2011,Total oilseeds,1.1
Andhra Pradesh,2010,Cotton,3227
Assam,2010,Cotton,0.8
Gujarat,2010,Cotton,7986.3
Haryana,2010,Cotton,1926
Karnataka,2010,Cotton,868.2
Kerala,2010,Cotton,1.3
Madhya Pradesh,2010,Cotton,855.3
Maharashtra,2010,Cotton,5859.3
Meghalaya,2010,Cotton,5.5
Mizoram,2010,Cotton,0.8
Orissa,2010,Cotton,147.2
Punjab,2010,Cotton,2006
Rajasthan,2010,Cotton,903.1
Tamil Nadu,2010,Cotton,225
Tripura,2010,Cotton,1.4
Uttar Pradesh,2010,Cotton,5
West Bengal,2010,Cotton,3.3
Andhra Pradesh,2011,Cotton,5300
Gujarat,2011,Cotton,10400
Haryana,2011,Cotton,1750
Karnataka,2011,Cotton,1200
Madhya Pradesh,2011,Cotton,2000
Maharashtra,2011,Cotton,8500
Orissa,2011,Cotton,250
Punjab,2011,Cotton,2100
Rajasthan,2011,Cotton,900
Tamil Nadu,2011,Cotton,450
Assam,2010,Jute,715.3
Bihar,2010,Jute,1118.4
Jharkhand,2010,Jute,0.8
Meghalaya,2010,Jute,34.7
Nagaland,2010,Jute,2
Orissa,2010,Jute,30.4
Tripura,2010,Jute,3.8
West Bengal,2010,Jute,9325
Assam,2011,Jute,625
Bihar,2011,Jute,1165
Jharkhand,2011,Jute,0.8
Madhya Pradesh,2011,Jute,2
Meghalaya,2011,Jute,34
Nagaland,2011,Jute,5
Orissa,2011,Jute,36
Tripura,2011,Jute,3.8
West Bengal,2011,Jute,8138
Andhra Pradesh,2010,Mesta,192
Assam,2010,Mesta,20.2
Bihar,2010,Mesta,159.3
Chhattisgarh,2010,Mesta,2.5
Jharkhand,2010,Mesta,4
Karnataka,2010,Mesta,1
Madhya Pradesh,2010,Mesta,1.4
Maharashtra,2010,Mesta,26
Meghalaya,2010,Mesta,18.4
Orissa,2010,Mesta,81.6
Tripura,2010,Mesta,5.6
West Bengal,2010,Mesta,75.1
Andhra Pradesh,2011,Mesta,224
Assam,2011,Mesta,25
Bihar,2011,Mesta,146
Chhattisgarh,2011,Mesta,2.5
Karnataka,2011,Mesta,1
Madhya Pradesh,2011,Mesta,2
Maharashtra,2011,Mesta,28
Meghalaya,2011,Mesta,18.4
Nagaland,2011,Mesta,3
Orissa,2011,Mesta,77
Tripura,2011,Mesta,7
West Bengal,2011,Mesta,77
Arunachal Pradesh,2010,Tea,4
Assam,2010,Tea,498
Bihar,2010,Tea,1
Himachal Pradesh,2010,Tea,1
Karnataka,2010,Tea,6
Kerala,2010,Tea,72
Tamil Nadu,2010,Tea,179
Tripura,2010,Tea,7
West Bengal,2010,Tea,223
Andhra Pradesh,2010,X Banana,2819.6
Assam,2010,X Banana,805.2
Bihar,2010,X Banana,1435.3
Gujarat,2010,X Banana,3779.8
Karnataka,2010,X Banana,2132.3
Kerala,2010,X Banana,406.2
Madhya Pradesh,2010,X Banana,1459.8
Maharashtra,2010,X Banana,5200
Tamil Nadu,2010,X Banana,4980.9
Uttar Pradesh,2010,X Banana,1138.6
West Bengal,2010,X Banana,982.2
Andhra Pradesh,2011,X Banana,2775
Arunachal Pradesh,2011,X Banana,13
Assam,2011,X Banana,724
Bihar,2011,X Banana,1517
Chhattisgarh,2011,X Banana,351
Goa,2011,X Banana,25
Gujarat,2011,X Banana,3978
Jharkhand,2011,X Banana,64
Karnataka,2011,X Banana,2282
Kerala,2011,X Banana,484
Madhya Pradesh,2011,X Banana,1720
Maharashtra,2011,X Banana,4303
Manipur,2011,X Banana,35
Meghalaya,2011,X Banana,67
Mizoram,2011,X Banana,119
Nagaland,2011,X Banana,59
Orissa,2011,X Banana,489
Punjab,2011,X Banana,10
Rajasthan,2011,X Banana,1
Sikkim,2011,X Banana,3
Tamil Nadu,2011,X Banana,8253
Tripura,2011,X Banana,125
Uttar Pradesh,2011,X Banana,1346
West Bengal,2011,X Banana,1010
A & N Islands,2011,X Banana,17
Puducherry,2011,X Banana,10
Andhra Pradesh,2010,Sugar cane,11708
Arunachal Pradesh,2010,Sugar cane,27.1
Assam,2010,Sugar cane,1059
Bihar,2010,Sugar cane,5032.6
Chhattisgarh,2010,Sugar cane,29.2
Goa,2010,Sugar cane,52.3
Gujarat,2010,Sugar cane,12400
Haryana,2010,Sugar cane,5335
Himachal Pradesh,2010,Sugar cane,45.6
Jammu and Kashmir,2010,Sugar cane,0
Jharkhand,2010,Sugar cane,447
Karnataka,2010,Sugar cane,30443
Kerala,2010,Sugar cane,285
Madhya Pradesh,2010,Sugar cane,2535
Maharashtra,2010,Sugar cane,64159
Manipur,2010,Sugar cane,21.3
Mizoram,2010,Sugar cane,12.4
Nagaland,2010,Sugar cane,152.9
Orissa,2010,Sugar cane,489.9
Punjab,2010,Sugar cane,3700
Rajasthan,2010,Sugar cane,344.5
Tamil Nadu,2010,Sugar cane,29745.6
Tripura,2010,Sugar cane,44.9
Uttar Pradesh,2010,Sugar cane,117140
Uttarakhand,2010,Sugar cane,5842
West Bengal,2010,Sugar cane,1000.8
A & N Islands,2010,Sugar cane,2
Puducherry,2010,Sugar cane,247.3
Andhra Pradesh,2011,Sugar cane,14964
Arunachal Pradesh,2011,Sugar cane,29
Assam,2011,Sugar cane,1075
Bihar,2011,Sugar cane,12764
Chhattisgarh,2011,Sugar cane,22
Goa,2011,Sugar cane,49
Gujarat,2011,Sugar cane,13760
Haryana,2011,Sugar cane,6042
Himachal Pradesh,2011,Sugar cane,38
Jharkhand,2011,Sugar cane,457
Karnataka,2011,Sugar cane,39657
Kerala,2011,Sugar cane,272
Madhya Pradesh,2011,Sugar cane,2667
Maharashtra,2011,Sugar cane,81896
Manipur,2011,Sugar cane,301
Mizoram,2011,Sugar cane,8
Nagaland,2011,Sugar cane,185
Orissa,2011,Sugar cane,903
Punjab,2011,Sugar cane,4170
Rajasthan,2011,Sugar cane,368
Tamil Nadu,2011,Sugar cane,34252
Tripura,2011,Sugar cane,47
Uttar Pradesh,2011,Sugar cane,120545
Uttarakhand,2011,Sugar cane,6498
West Bengal,2011,Sugar cane,1134
A & N Islands,2011,Sugar cane,2
Puducherry,2011,Sugar cane,278
Andhra Pradesh,2011,Tobacco,281
Bihar,2011,Tobacco,21
Gujarat,2011,Tobacco,281
Karnataka,2011,Tobacco,134
Maharashtra,2011,Tobacco,2
Orissa,2011,Tobacco,2
Tamil Nadu,2011,Tobacco,8
Uttar Pradesh,2011,Tobacco,80
West Bengal,2011,Tobacco,21
Assam,2010,X Potato,589.7
Bihar,2010,X Potato,5387.2
Gujarat,2010,X Potato,1657
Haryana,2010,X Potato,494.8
Jharkhand,2010,X Potato,573.1
Karnataka,2010,X Potato,460.3
Madhya Pradesh,2010,X Potato,608.4
Punjab,2010,X Potato,2116.5
Uttar Pradesh,2010,X Potato,13447.3
West Bengal,2010,X Potato,8880
Andhra Pradesh,2011,X Potato,97
Arunachal Pradesh,2011,X Potato,32
Assam,2011,X Potato,738
Bihar,2011,X Potato,5784
Chhattisgarh,2011,X Potato,526
Gujarat,2011,X Potato,1882
Haryana,2011,X Potato,598
Himachal Pradesh,2011,X Potato,206
Jammu and Kashmir,2011,X Potato,151
Jharkhand,2011,X Potato,656
Karnataka,2011,X Potato,401
Madhya Pradesh,2011,X Potato,743
Maharashtra,2011,X Potato,318
Manipur,2011,X Potato,15
Meghalaya,2011,X Potato,162
Mizoram,2011,X Potato,2
Nagaland,2011,X Potato,10
Orissa,2011,X Potato,191
Punjab,2011,X Potato,2088
Rajasthan,2011,X Potato,76
Sikkim,2011,X Potato,46
Tamil Nadu,2011,X Potato,97
Tripura,2011,X Potato,110
Uttar Pradesh,2011,X Potato,13577
Uttarakhand,2011,X Potato,424
West Bengal,2011,X Potato,13391
Delhi,2011,X Potato,18
Karnataka,2010,Black Pepper,3.62
Kerala,2010,Black Pepper,45.57
Tamil Nadu,2010,Black Pepper,1.06
Bihar,2011,Black Pepper,7
Karnataka,2011,Black Pepper,7
Kerala,2011,Black Pepper,36
Tamil Nadu,2011,Black Pepper,1.06
Andhra Pradesh,2010,Chillies,701.4
Arunachal Pradesh,2010,Chillies,2.7
Assam,2010,Chillies,9.87
Bihar,2010,Chillies,3
Chhattisgarh,2010,Chillies,1.7
Gujarat,2010,Chillies,5.7
Haryana,2010,Chillies,0.6
Jammu and Kashmir,2010,Chillies,0.6
Karnataka,2010,Chillies,137.78
Kerala,2010,Chillies,1.55
Madhya Pradesh,2010,Chillies,32.8
Maharashtra,2010,Chillies,45.6
Manipur,2010,Chillies,3.9
Meghalaya,2010,Chillies,1.41
Mizoram,2010,Chillies,0.8
Nagaland,2010,Chillies,1
Orissa,2010,Chillies,63.9
Punjab,2010,Chillies,17.26
Rajasthan,2010,Chillies,19.98
Tamil Nadu,2010,Chillies,38.31
Tripura,2010,Chillies,2.56
Uttar Pradesh,2010,Chillies,14.87
West Bengal,2010,Chillies,94.79
A & N Islands,2010,Chillies,0.69
Andhra Pradesh,2011,Chillies,547
Arunachal Pradesh,2011,Chillies,6
Assam,2011,Chillies,13
Bihar,2011,Chillies,3
Chhattisgarh,2011,Chillies,3
Gujarat,2011,Chillies,48
Haryana,2011,Chillies,11
Himachal Pradesh,2011,Chillies,1
Jammu and Kashmir,2011,Chillies,0.6
Karnataka,2011,Chillies,154
Kerala,2011,Chillies,3
Madhya Pradesh,2011,Chillies,91
Maharashtra,2011,Chillies,45.6
Manipur,2011,Chillies,3.9
Meghalaya,2011,Chillies,1.41
Mizoram,2011,Chillies,49
Nagaland,2011,Chillies,1
Orissa,2011,Chillies,65
Punjab,2011,Chillies,18
Rajasthan,2011,Chillies,14
Tamil Nadu,2011,Chillies,28
Tripura,2011,Chillies,4
Uttar Pradesh,2011,Chillies,12
Uttarakhand,2011,Chillies,7
West Bengal,2011,Chillies,96
A & N Islands,2011,Chillies,0.69
Andhra Pradesh,2010,Ginger,9.14
Arunachal Pradesh,2010,Ginger,38.64
Bihar,2010,Ginger,0.84
Chhattisgarh,2010,Ginger,1.35
Gujarat,2010,Ginger,4
Haryana,2010,Ginger,1.21
Himachal Pradesh,2010,Ginger,16.76
Karnataka,2010,Ginger,19.17
Kerala,2010,Ginger,32.37
Madhya Pradesh,2010,Ginger,6.35
Maharashtra,2010,Ginger,1.04
Manipur,2010,Ginger,3.84
Meghalaya,2010,Ginger,51.96
Mizoram,2010,Ginger,34.3
Nagaland,2010,Ginger,35.44
Orissa,2010,Ginger,30.8
Sikkim,2010,Ginger,35.31
Tamil Nadu,2010,Ginger,15.38
Tripura,2010,Ginger,7.44
Uttar Pradesh,2010,Ginger,2.08
Uttarakhand,2010,Ginger,11.84
West Bengal,2010,Ginger,23.83
A & N Islands,2010,Ginger,1.89
Andhra Pradesh,2011,Ginger,17
Arunachal Pradesh,2011,Ginger,53
Assam,2011,Ginger,120
Bihar,2011,Ginger,0.84
Chhattisgarh,2011,Ginger,1.35
Gujarat,2011,Ginger,70
Haryana,2011,Ginger,8
Himachal Pradesh,2011,Ginger,16.76
Karnataka,2011,Ginger,100
Kerala,2011,Ginger,29
Madhya Pradesh,2011,Ginger,10
Maharashtra,2011,Ginger,1.04
Manipur,2011,Ginger,3.84
Meghalaya,2011,Ginger,54
Mizoram,2011,Ginger,33
Nagaland,2011,Ginger,35.44
Orissa,2011,Ginger,30.8
Sikkim,2011,Ginger,46
Tamil Nadu,2011,Ginger,27
Tripura,2011,Ginger,8
Uttar Pradesh,2011,Ginger,3
Uttarakhand,2011,Ginger,11.84
West Bengal,2011,Ginger,23.83
A & N Islands,2011,Ginger,1.89
Andhra Pradesh,2010,Coconut,667
Assam,2010,Coconut,101
Goa,2010,Coconut,88
Gujarat,2010,Coconut,108
Karnataka,2010,Coconut,1497
Kerala,2010,Coconut,3992
Maharashtra,2010,Coconut,120
Orissa,2010,Coconut,190
Tamil Nadu,2010,Coconut,3692
Tripura,2010,Coconut,8
West Bengal,2010,Coconut,245
A & N Islands,2010,Coconut,56
Lakshadweep,2010,Coconut,40
Puducherry,2010,Coconut,20
Andhra Pradesh,2011,Coconut,667
Assam,2011,Coconut,101
Chhattisgarh,2011,Coconut,6
Goa,2011,Coconut,88
Gujarat,2011,Coconut,108
Karnataka,2011,Coconut,1497
Kerala,2011,Coconut,3992
Maharashtra,2011,Coconut,120
Orissa,2011,Coconut,190
Tamil Nadu,2011,Coconut,3692
Tripura,2011,Coconut,8
West Bengal,2011,Coconut,245
A & N Islands,2011,Coconut,65
Lakshadweep,2011,Coconut,40
Puducherry,2011,Coconut,20
Andhra Pradesh,2010,Turmeric,420.44
Arunachal Pradesh,2010,Turmeric,2
Assam,2010,Turmeric,8.68
Bihar,2010,Turmeric,3
Chhattisgarh,2010,Turmeric,0.6
Gujarat,2010,Turmeric,14.1
Haryana,2010,Turmeric,4.6
Himachal Pradesh,2010,Turmeric,0.1
Karnataka,2010,Turmeric,57.64
Kerala,2010,Turmeric,6.9
Maharashtra,2010,Turmeric,8.43
Meghalaya,2010,Turmeric,9.96
Mizoram,2010,Turmeric,39.86
Nagaland,2010,Turmeric,0.5
Orissa,2010,Turmeric,59.4
Sikkim,2010,Turmeric,2.06
Tamil Nadu,2010,Turmeric,110
Tripura,2010,Turmeric,2.1
Uttar Pradesh,2010,Turmeric,6
West Bengal,2010,Turmeric,35.37
Andhra Pradesh,2011,Turmeric,448
Arunachal Pradesh,2011,Turmeric,3
Assam,2011,Turmeric,13
Bihar,2011,Turmeric,3
Chhattisgarh,2011,Turmeric,0.6
Gujarat,2011,Turmeric,28
Haryana,2011,Turmeric,18
Karnataka,2011,Turmeric,98
Kerala,2011,Turmeric,6
Madhya Pradesh,2011,Turmeric,1
Maharashtra,2011,Turmeric,8.43
Manipur,2011,Turmeric,16
Meghalaya,2011,Turmeric,9.96
Mizoram,2011,Turmeric,24
Nagaland,2011,Turmeric,0.5
Orissa,2011,Turmeric,34
Sikkim,2011,Turmeric,3
Tamil Nadu,2011,Turmeric,221
Tripura,2011,Turmeric,7
Uttar Pradesh,2011,Turmeric,6
Uttarakhand,2011,Turmeric,6
West Bengal,2011,Turmeric,38
